City_ID,City,Lat,Lng,Max Temp,Humidity,Cloudiness,Wind Speed,Country,Date
0,adamstown,-25.066,-130.1015,19.44,66,98,10.72,PN,1690595686
1,ribeira grande,38.5167,-28.7,22.65,91,11,0.89,PT,1690595687
2,dapa,9.7594,126.0531,26.67,78,100,3.76,PH,1690595687
3,ilulissat,69.2167,-51.1,0.26,92,39,2.42,GL,1690595687
4,malango,-2.9627,119.9001,25.44,59,33,1.76,ID,1690595687
5,mana,5.6592,-53.7767,25.62,90,97,4.61,GF,1690595688
6,magnaga,7.1694,125.8931,29.99,86,100,1.36,PH,1690595688
7,yanbu,24.0891,38.0637,31.02,89,0,5.14,SA,1690595540
8,mount isa,-20.7333,139.5,26.87,39,63,5.14,AU,1690595688
9,dayton,39.7589,-84.1916,28.59,87,40,4.12,US,1690595688
10,salalah,17.0151,54.0924,24.0,96,100,4.23,OM,1690595689
11,isangel,-19.55,169.2667,21.27,57,100,5.64,VU,1690595689
12,ushuaia,-54.8,-68.3,8.81,57,0,6.69,AR,1690595689
13,constantia,44.1833,28.65,16.5,67,3,4.44,RO,1690595467
14,papatowai,-46.5619,169.4708,11.6,65,100,1.93,NZ,1690595689
15,okha,53.5739,142.9478,13.99,85,100,6.75,RU,1690595690
16,veraval,20.9,70.3667,27.02,85,97,9.31,IN,1690595690
17,iqaluit,63.7506,-68.5145,11.85,58,75,1.03,CA,1690595691
18,polyarnyy,69.1989,33.4478,14.96,78,100,1.77,RU,1690595691
19,campo maior,-4.8278,-42.1686,26.24,43,19,1.6,BR,1690595691
20,lihue,21.9789,-159.3672,26.87,68,14,7.21,US,1690595691
21,jamestown,42.097,-79.2353,24.77,96,75,0.89,US,1690595501
22,brookings,44.3114,-96.7984,26.0,61,0,3.6,US,1690595692
23,blackmans bay,-43.0167,147.3167,16.52,58,100,4.01,AU,1690595692
24,port-aux-francais,-49.35,70.2167,3.95,81,100,11.55,TF,1690595692
25,ust-nera,64.5667,143.2,19.01,35,34,1.76,RU,1690595693
26,katsuren-haebaru,26.3369,127.8719,31.43,75,40,7.2,JP,1690595595
27,torres,-29.3353,-49.7269,11.57,76,43,5.25,BR,1690595693
28,kalmunai,7.4167,81.8167,28.4,65,24,1.4,LK,1690595693
29,dudinka,69.4058,86.1778,21.46,62,39,6.44,RU,1690595694
30,recani,31.2846,-4.2688,35.11,10,79,3.46,MA,1690595694
31,revda,56.801,59.9303,16.07,86,13,1.37,RU,1690595694
32,bethel,41.3712,-73.414,27.09,84,0,1.52,US,1690595670
33,vrbas,45.5714,19.6408,18.22,66,66,2.08,RS,1690595694
34,chonchi,-42.6128,-73.8092,12.56,93,100,5.17,CL,1690595695
35,polevskoy,56.4422,60.1878,16.27,84,8,1.71,RU,1690595696
36,el nido,11.1858,119.3956,28.49,75,100,6.26,PH,1690595696
37,ed damer,17.5928,33.9592,34.34,34,92,4.65,SD,1690595697
38,port lincoln,-34.7333,135.8667,16.4,59,0,9.31,AU,1690595697
39,hami,42.8,93.45,36.29,13,31,4.36,CN,1690595698
40,upata,8.0086,-62.3989,23.44,94,96,1.44,VE,1690595698
41,port elizabeth,-33.918,25.5701,15.16,82,0,4.63,ZA,1690595698
42,olonkinbyen,70.9221,-8.7187,5.78,85,100,3.71,SJ,1690595698
43,pecos,31.4229,-103.4932,35.17,18,0,7.2,US,1690595699
44,chui,-33.6971,-53.4616,7.23,84,22,1.96,UY,1690595699
45,enewetak,11.3474,162.3373,28.72,80,100,8.53,MH,1690595700
46,kotovo,50.3211,44.8012,19.1,88,100,4.78,RU,1690595700
47,puerto natales,-51.7236,-72.4875,2.18,95,100,1.52,CL,1690595700
48,margaret river,-33.95,115.0667,14.9,73,100,7.19,AU,1690595431
49,anadyr,64.75,177.4833,14.28,76,0,7.6,RU,1690595701
50,port alfred,-33.5906,26.891,15.1,94,56,0.45,ZA,1690595702
51,aasiaat,68.7098,-52.8699,2.05,95,47,3.66,GL,1690595703
52,torghay,49.6339,63.4981,27.83,47,11,3.63,KZ,1690595703
53,grytviken,-54.2811,-36.5092,-1.28,89,28,4.69,GS,1690595704
54,waitangi,-43.9535,-176.5597,11.57,95,99,1.79,NZ,1690595704
55,cozumel,20.5083,-86.9458,26.08,94,99,3.88,MX,1690595704
56,tiksi,71.6872,128.8694,6.25,70,0,3.56,RU,1690595705
57,luena,-11.7833,19.9167,19.1,37,0,2.57,AO,1690595705
58,eagle,43.6954,-116.354,35.56,21,0,3.09,US,1690595705
59,hadibu,12.65,54.0333,25.59,80,100,13.62,YE,1690595706
60,cirebon,-6.7063,108.557,27.61,54,34,4.77,ID,1690595452
61,sao joao da barra,-21.6403,-41.0511,21.84,86,100,6.67,BR,1690595706
62,georgetown,5.4112,100.3354,29.96,84,40,1.03,MY,1690595706
63,fort mcmurray,56.7268,-111.381,21.77,52,40,1.03,CA,1690595706
64,necochea,-38.5473,-58.7368,6.42,83,79,6.58,AR,1690595707
65,horta,38.5333,-28.6333,22.23,91,23,0.89,PT,1690595707
66,kodiak,57.79,-152.4072,12.09,95,100,4.6,US,1690595708
67,asika,19.6,84.65,29.74,75,80,2.49,IN,1690595708
68,yellowknife,62.456,-114.3525,22.29,60,100,2.57,CA,1690595708
69,severo-yeniseyskiy,60.3725,93.0408,20.49,62,99,1.09,RU,1690595708
70,wailua homesteads,22.0669,-159.378,26.53,68,17,3.58,US,1690595709
71,urangan,-25.3,152.9,19.5,68,17,0.26,AU,1690595709
72,new norfolk,-42.7826,147.0587,17.18,57,100,4.49,AU,1690595709
73,bumba,2.1833,22.4667,21.9,94,21,0.29,CD,1690595709
74,puerto ayora,-0.7393,-90.3518,24.19,93,65,0.45,EC,1690595710
75,kandiaro,27.0601,68.2091,31.68,65,76,4.86,PK,1690595710
76,utrik,11.2278,169.8474,28.43,81,100,9.15,MH,1690595710
77,tobelo,1.7284,128.0095,29.8,63,30,3.99,ID,1690595711
78,lebu,-37.6167,-73.65,12.13,85,100,2.65,CL,1690595711
79,iskateley,67.6803,53.1512,14.21,82,17,1.35,RU,1690595711
80,muyuka,4.2898,9.4103,23.52,98,100,0.81,CM,1690595712
81,baymak,52.5933,58.3225,19.13,69,0,1.63,RU,1690595712
82,madang,-5.2246,145.7966,27.28,75,99,2.49,PG,1690595712
83,kashgar,39.4547,75.9797,22.56,49,40,7.0,CN,1690595713
84,isafjordur,66.0755,-23.124,7.11,94,100,3.21,IS,1690595713
85,qingdao,36.0986,120.3719,28.78,84,100,8.0,CN,1690595714
86,boguchany,58.3814,97.4531,25.3,49,26,1.48,RU,1690595714
87,kudat,6.8837,116.8477,29.05,89,20,1.54,MY,1690595714
88,igarka,67.4667,86.5833,18.97,85,78,4.41,RU,1690595714
89,tazovsky,67.4667,78.7,17.15,81,100,2.84,RU,1690595715
90,nacala,-14.5428,40.6728,19.12,89,13,1.76,MZ,1690595715
91,corinto,37.9407,22.9573,23.83,66,0,3.27,GR,1690595523
92,carnarvon,-24.8667,113.6333,17.28,60,0,6.44,AU,1690595715
93,sitka,57.0531,-135.33,19.84,73,6,2.65,US,1690595715
94,edinburgh of the seven seas,-37.0676,-12.3116,14.22,82,100,14.51,SH,1690595716
95,crane,31.3974,-102.3501,32.14,27,0,5.3,US,1690595716
96,punta arenas,-53.15,-70.9167,5.4,87,100,7.45,CL,1690595716
97,ceres,37.5949,-120.9577,34.89,34,0,5.67,US,1690595716
98,zhanaozen,43.3,52.8,27.87,27,2,4.92,KZ,1690595717
99,oamaru,-45.0784,170.9801,12.43,55,98,2.01,NZ,1690595706
100,toliara,-23.35,43.6667,16.68,66,0,2.71,MG,1690595717
101,whitehorse,60.7161,-135.0538,28.34,31,20,2.57,CA,1690595717
102,berezovyy,51.6667,135.7,28.1,51,89,1.62,RU,1690595717
103,san patricio,28.017,-97.5169,30.1,62,66,5.62,US,1690595718
104,glace bay,46.1969,-59.957,20.99,93,40,3.13,CA,1690595719
105,tamandare,-8.7597,-35.1047,23.26,83,32,2.61,BR,1690595719
106,sinabang,2.4803,96.3801,28.04,74,78,0.44,ID,1690595719
107,biritiba mirim,-23.5725,-46.0386,17.18,97,97,1.59,BR,1690595719
108,santa cruz,-17.8,-63.1667,20.7,60,75,5.14,BO,1690595719
109,mahibadhoo,3.7833,72.9667,28.22,75,77,2.54,MV,1690595720
110,boa vista,2.8197,-60.6733,24.99,94,75,3.09,BR,1690595720
111,tolanaro,-25.0319,46.9987,18.04,77,20,2.06,MG,1690595720
112,boyolangu,-8.1181,111.8935,25.52,64,98,4.09,ID,1690595720
113,fortuna,40.5982,-124.1573,19.39,73,0,5.66,US,1690595721
114,bedford,52.1346,-0.4663,16.8,89,100,4.16,GB,1690595638
115,raduzhny,62.0961,77.475,20.19,70,18,1.77,RU,1690595721
116,mejit,10.2753,170.8646,28.48,79,100,9.05,MH,1690595721
117,superior,46.7208,-92.1041,19.71,76,0,5.14,US,1690595722
118,kenai,60.5544,-151.2583,14.49,95,100,3.09,US,1690595722
119,la passe,45.5549,-0.8967,19.43,95,96,2.43,FR,1690595722
120,anshun,26.25,105.9333,22.39,80,91,1.52,CN,1690595722
121,port mathurin,-19.6833,63.4167,23.16,78,8,5.97,MU,1690595722
122,xinyuan,37.3,99.0,13.48,45,3,1.05,CN,1690595723
123,longyearbyen,78.2186,15.6401,4.74,95,100,0.94,SJ,1690595463
124,corner brook,48.9667,-57.9484,15.09,80,93,1.91,CA,1690595723
125,bredasdorp,-34.5322,20.0403,10.33,90,58,5.63,ZA,1690595723
126,carutapera,-1.195,-46.02,24.35,94,31,2.21,BR,1690595724
127,norilsk,69.3535,88.2027,21.35,54,89,5.61,RU,1690595725
128,guanare,9.0418,-69.7421,31.01,62,100,1.54,VE,1690595725
129,bilibino,68.0546,166.4372,10.42,86,100,1.89,RU,1690595726
130,eastham,41.8301,-69.9739,25.55,76,1,2.68,US,1690595726
131,qaqortoq,60.7167,-46.0333,7.35,76,99,1.23,GL,1690595726
132,kita,13.0349,-9.4895,24.05,89,100,1.68,ML,1690595726
133,puerto rosario,-24.45,-57.0833,18.99,67,100,2.45,PY,1690595726
134,albany,42.6001,-73.9662,26.0,82,72,1.43,US,1690595727
135,olpad,21.3333,72.75,27.99,86,100,6.5,IN,1690595727
136,gornozavodsk,58.3758,58.3211,15.35,90,16,0.46,RU,1690595727
137,qarqaraly,49.4058,75.4742,20.89,41,58,3.37,KZ,1690595727
138,saranac lake,44.3295,-74.1313,22.84,84,98,1.71,US,1690595728
139,orlovskiy,46.8714,42.0592,18.59,80,83,9.08,RU,1690595728
140,birao,10.2849,22.7882,22.19,94,99,1.34,CF,1690595728
141,namibe,-15.1961,12.1522,14.39,83,1,5.03,AO,1690595729
142,dakhla,23.6848,-15.958,19.82,89,3,9.87,EH,1690595729
143,port saint john's,-31.6229,29.5448,22.43,44,100,3.79,ZA,1690595729
144,college,64.8569,-147.8028,29.21,55,100,1.47,US,1690595730
145,vorgashor,67.5833,63.95,12.33,72,10,4.02,RU,1690595730
146,pariaman,-0.619,100.12,29.03,75,100,0.58,ID,1690595717
147,cochrane,51.1834,-114.4687,15.11,81,100,3.6,CA,1690595730
148,east london,-33.0153,27.9116,17.93,74,76,7.32,ZA,1690595609
149,champerico,14.3,-91.9167,29.2,75,100,3.28,GT,1690595731
150,waddan,29.1614,16.139,25.02,59,2,2.48,LY,1690595731
151,loango,-4.6719,11.8312,20.81,94,100,1.54,CG,1690595731
152,kyshtovka,56.555,76.6271,16.42,96,100,2.3,RU,1690595732
153,san luis de la loma,17.2706,-100.8939,27.74,81,8,1.81,MX,1690595732
154,kununurra,-15.7667,128.7333,29.99,37,100,4.12,AU,1690595608
155,arkalyk,50.2486,66.9114,25.29,48,27,3.18,KZ,1690595643
156,protaras,35.0125,34.0583,26.11,93,0,2.24,CY,1690595733
157,talnakh,69.4865,88.3972,21.23,53,72,5.07,RU,1690595733
158,ulanhot,46.0833,122.0833,26.78,57,0,5.44,CN,1690595733
159,udachny,66.4167,112.4,21.92,37,0,2.89,RU,1690595733
160,san agustin de valle fertil,-30.6335,-67.4682,11.29,60,100,0.34,AR,1690595734
161,kholmsk,47.0511,142.0569,19.82,97,100,3.3,RU,1690595734
162,'alaqahdari dishu,30.4374,63.313,30.36,20,0,5.44,AF,1690595734
163,berber,18.0216,33.983,34.07,34,98,3.52,SD,1690595463
164,grand gaube,-20.0064,57.6608,21.22,75,24,1.34,MU,1690595735
165,ratnagiri,16.9833,73.3,26.29,86,100,7.01,IN,1690595464
166,avarua,-21.2078,-159.775,22.03,68,75,4.12,CK,1690595735
167,haiku-pauwela,20.9219,-156.3051,28.43,66,8,6.71,US,1690595735
168,tura,25.5198,90.2201,26.21,88,98,2.7,IN,1690595735
169,alice springs,-23.7,133.8833,19.75,77,100,4.63,AU,1690595736
170,thompson,55.7435,-97.8558,20.09,64,40,3.6,CA,1690595736
171,stuttgart,48.7823,9.177,18.08,79,0,0.51,DE,1690595736
172,atafu village,-8.5421,-172.5159,28.78,71,100,7.06,TK,1690595737
173,oranjemund,-28.55,16.4333,11.48,88,100,4.64,NA,1690595737
174,zhangye,38.9342,100.4517,30.66,23,0,5.33,CN,1690595737
175,nadi,-17.8,177.4167,27.0,47,40,1.54,FJ,1690595738
176,minas de marcona,-15.2119,-75.1103,13.28,84,27,4.84,PE,1690595738
177,sungjibaegam,41.2428,128.7989,25.58,48,81,2.03,KP,1690595738
178,san andres,12.5847,-81.7006,29.01,84,40,3.09,CO,1690595739
179,karratha,-20.7377,116.8463,23.93,30,23,6.49,AU,1690595739
180,southside,33.9245,-86.0225,26.95,86,0,2.06,US,1690595739
181,morehead city,34.7229,-76.726,29.0,85,0,5.14,US,1690595739
182,susuman,62.7833,148.1667,16.78,39,44,0.72,RU,1690595740
183,eilat,29.5581,34.9482,29.91,35,0,6.17,IL,1690595740
184,bria,6.5423,21.9863,19.61,89,80,1.07,CF,1690595740
185,moussoro,13.6408,16.4901,30.33,49,93,4.3,TD,1690595741
186,dunedin,-45.8742,170.5036,11.0,62,100,0.42,NZ,1690595741
187,stanley,54.868,-1.6985,14.33,86,0,2.57,GB,1690595741
188,qamdo,31.1667,97.2333,8.41,66,64,0.38,CN,1690595734
189,codrington,-38.2667,141.9667,13.63,82,52,7.38,AU,1690595741
190,orenburg,51.7727,55.0988,20.03,57,6,2.73,RU,1690595742
191,changtu,42.7788,124.0955,25.89,88,100,7.04,CN,1690595742
192,west island,-12.1568,96.8225,25.99,69,75,6.17,CC,1690595743
193,uturoa,-16.7333,-151.4333,26.68,76,12,4.16,PF,1690595743
194,kapa'a,22.0752,-159.319,27.28,66,18,3.58,US,1690595743
195,ongjin,37.9347,125.3619,24.47,92,99,3.45,KP,1690595743
196,hawaiian paradise park,19.5933,-154.9731,28.35,70,15,0.45,US,1690595744
197,ipilan,8.8431,117.9033,29.76,68,92,4.51,PH,1690595744
198,as sulayyil,20.4607,45.5779,31.14,16,67,0.76,SA,1690595744
199,mount gambier,-37.8333,140.7667,12.63,89,89,5.18,AU,1690595744
200,port douglas,-16.4833,145.4667,23.32,75,38,5.98,AU,1690595744
201,el ejido,36.7763,-2.8146,25.52,60,0,0.93,ES,1690595745
202,al kharijah,25.4514,30.5464,30.67,22,0,4.78,EG,1690595746
203,kolonia town,6.964,158.206,29.29,71,57,3.45,FM,1690595746
204,kayangel,8.0823,134.7173,28.49,79,100,9.25,PW,1690595746
205,severnoye,56.3491,78.3619,17.61,75,100,2.44,RU,1690595747
206,borogontsy,62.6683,131.1683,24.06,35,6,1.68,RU,1690595747
207,terrace,54.5163,-128.6035,28.95,30,75,3.09,CA,1690595748
208,arraias,-12.9288,-46.9437,22.81,58,62,1.96,BR,1690595748
209,robertsport,6.7533,-11.3686,25.47,86,100,5.6,LR,1690595748
210,veinticinco de mayo,-35.4323,-60.1727,6.66,88,100,1.79,AR,1690595749
211,hamilton,39.1834,-84.5333,30.24,82,22,2.59,US,1690595749
212,barbacoas,1.6715,-78.1398,25.05,96,100,0.5,CO,1690595749
213,tsiombe,-25.3,45.4833,15.51,87,0,1.73,MG,1690595749
214,edgemere,39.2421,-76.448,25.25,90,0,1.54,US,1690595750
215,flying fish cove,-10.4217,105.6791,25.82,73,75,6.69,CX,1690595750
216,yuzhno-kurilsk,44.0306,145.8556,21.65,79,100,1.36,RU,1690595750
217,beijing,39.9075,116.3972,26.94,60,100,2.18,CN,1690595636
218,weno,7.4515,151.8468,28.97,84,100,7.2,FM,1690595751
219,aguadilla,18.4275,-67.1541,27.03,92,98,1.34,PR,1690595751
220,sao tome,0.3365,6.7273,25.02,78,75,8.23,ST,1690595751
221,nemuro,43.3236,145.575,19.49,89,100,2.39,JP,1690595751
222,kapuskasing,49.4169,-82.4331,16.05,63,75,2.57,CA,1690595752
223,st. john's,47.5649,-52.7093,17.66,77,100,0.0,CA,1690595752
224,qiryat shemona,33.2073,35.5721,25.94,53,0,1.57,IL,1690595752
225,karwar,14.8,74.1333,25.74,86,46,5.28,IN,1690595753
226,saipan,15.1355,145.701,28.67,75,37,4.07,MP,1690595753
227,ancud,-41.8697,-73.8203,11.69,97,100,10.7,CL,1690595754
228,andilamena,-17.0167,48.5833,12.16,94,42,3.06,MG,1690595754
229,rawson,-43.3002,-65.1023,14.43,48,100,11.49,AR,1690595754
230,kalabo,-14.97,22.6814,14.59,37,2,2.1,ZM,1690595754
231,washington,47.5001,-120.5015,31.38,24,49,2.39,US,1690595732
232,las toscas,-28.3529,-59.258,11.16,61,0,2.91,AR,1690595755
233,cartagena,10.3997,-75.5144,24.79,88,20,2.57,CO,1690595694
234,hermanus,-34.4187,19.2345,10.45,90,100,16.55,ZA,1690595755
235,lompoc,34.6391,-120.4579,28.21,77,9,6.71,US,1690595755
236,chibougamau,49.9168,-74.3659,11.79,76,100,4.63,CA,1690595756
237,lerwick,60.1545,-1.1494,14.0,94,93,7.05,GB,1690595756
238,isheyevka,54.4167,48.2667,20.73,79,70,2.58,RU,1690595756
239,cocieri,47.3075,29.1103,14.09,41,78,0.78,MD,1690595757
240,bathsheba,13.2167,-59.5167,27.34,94,75,7.2,BB,1690595757
241,nioki,-2.7167,17.6833,24.09,62,5,1.52,CD,1690595758
242,balkanabat,39.5108,54.3671,31.94,21,0,2.88,TM,1690595758
243,san matias,-16.3667,-58.4,24.51,60,97,3.91,BO,1690595758
244,greymouth,-42.4667,171.2,10.94,66,21,0.88,NZ,1690595759
245,lagoa,39.05,-27.9833,22.04,89,1,3.95,PT,1690595759
246,howrah,22.5892,88.3103,29.0,89,75,2.57,IN,1690595759
247,tegueste,28.5167,-16.3167,19.81,85,100,8.94,ES,1690595759
248,tazacorte,28.629,-17.9293,22.54,85,75,5.66,ES,1690595760
249,touros,-5.1989,-35.4608,23.68,84,10,5.68,BR,1690595760
250,puerto baquerizo moreno,-0.9,-89.6,23.81,83,100,4.71,EC,1690595760
251,petropavlovsk-kamchatsky,53.0452,158.6483,20.33,73,20,4.0,RU,1690595761
252,goundam,16.4145,-3.6708,33.61,40,7,5.85,ML,1690595761
253,bareilly,28.35,79.4167,27.76,80,63,0.48,IN,1690595671
254,yaiza,28.9633,-13.7631,21.87,64,100,7.2,ES,1690595762
255,roxas,11.5853,122.7511,27.86,80,100,4.12,PH,1690595762
256,nueva esperanza,15.2667,-87.6,24.79,99,100,1.13,HN,1690595762
257,verkhovazh'ye,60.7472,42.0465,17.1,99,62,1.64,RU,1690595763
258,kegeyli shahar,42.7767,59.6078,24.05,26,0,3.94,UZ,1690595763
259,clarion,41.2148,-79.3853,23.19,82,99,3.37,US,1690595763
260,kampene,-3.6,26.6667,20.7,49,5,0.7,CD,1690595764
261,saint-pierre,-21.3393,55.4781,17.82,52,0,3.6,RE,1690595764
262,selfoss,63.9331,-20.9971,9.47,84,67,1.89,IS,1690595765
263,vilyuysk,63.7553,121.6247,23.95,34,0,3.12,RU,1690595765
264,badger,64.8,-147.5333,29.17,54,100,1.59,US,1690595765
265,bengbu,32.9408,117.3608,26.9,89,99,8.83,CN,1690595765
266,zeya,53.75,127.2667,24.91,57,62,2.52,RU,1690595765
267,mar del plata,-38.0023,-57.5575,8.38,84,0,4.12,AR,1690595766
268,callao,-12.0667,-77.15,20.16,77,75,5.14,PE,1690595766
269,bac lieu,9.285,105.7244,27.7,81,100,5.42,VN,1690595766
270,debre tabor,11.85,38.0167,11.05,89,100,0.33,ET,1690595766
271,san antonio de pale,-1.4014,5.6325,22.64,84,100,7.0,GQ,1690595767
272,luderitz,-26.6481,15.1594,12.46,83,100,4.8,NA,1690595767
273,baruun-urt,46.6806,113.2792,26.79,31,12,2.94,MN,1690595767
274,antsiranana,-12.2787,49.2917,20.69,66,1,7.49,MG,1690595768
275,koryazhma,61.3143,47.1691,18.85,95,13,2.98,RU,1690595768
276,mujiayingzi,42.1167,118.7833,27.91,49,100,2.26,CN,1690595769
277,nyurba,63.2842,118.3319,23.93,44,47,3.54,RU,1690595769
278,suntar,62.1444,117.6319,24.62,49,28,3.73,RU,1690595769
279,vadso,70.0744,29.7487,10.49,100,100,0.51,NO,1690595770
280,san pascual,13.7975,121.0342,30.35,75,100,3.81,PH,1690595770
281,patacamaya,-17.2333,-67.9167,4.31,86,87,3.65,BO,1690595770
282,guiuan,11.0333,125.7247,28.0,75,100,9.84,PH,1690595770
283,punta del este,-34.9667,-54.95,8.82,81,20,1.54,UY,1690595771
284,san pedro pochutla,15.7333,-96.4667,25.78,84,15,1.8,MX,1690595771
285,wynyard,-41.0,145.7167,12.68,90,98,6.83,AU,1690595510
286,vaasa,63.096,21.6158,14.97,99,75,5.36,FI,1690595772
287,el granada,37.5027,-122.4694,26.15,80,0,5.66,US,1690595773
288,uaua,-9.8414,-39.4817,19.86,89,14,4.93,BR,1690595773
289,pangody,65.85,74.4859,19.47,81,100,2.29,RU,1690595774
290,ban bueng,13.311,101.1121,32.59,63,69,6.15,TH,1690595725
291,queenstown,-31.8976,26.8753,14.63,39,54,3.64,ZA,1690595774
292,phongsali,21.6833,102.1058,19.66,95,99,0.59,LA,1690595775
293,margate,51.3813,1.3862,17.72,90,100,3.13,GB,1690595775
294,at taj,24.2049,23.2857,28.76,30,0,4.56,LY,1690595775
295,shingu,33.7333,135.9833,29.51,63,51,2.45,JP,1690595750
296,kokemaki,61.2565,22.3564,13.88,95,100,2.87,FI,1690595775
297,arkhangel'sk,64.5401,40.5433,16.77,95,100,4.09,RU,1690595773
298,prachuap khiri khan,12.2167,99.75,25.44,75,100,3.54,TH,1690595776
299,nova sintra,14.8667,-24.7167,22.62,79,20,9.45,CV,1690595776
300,vanimo,-2.6741,141.3028,29.43,65,88,0.49,PG,1690595777
301,vozhega,60.4725,40.2213,13.73,98,100,2.47,RU,1690595777
302,temerluh,3.4506,102.4176,29.43,90,99,1.34,MY,1690595777
303,ta`u,-14.2336,-169.5144,26.78,74,100,8.69,AS,1690595777
304,yulinshi,38.2906,109.7494,25.54,50,98,3.03,CN,1690595734
305,huoqiu chengguanzhen,32.3547,116.2939,26.54,89,100,6.11,CN,1690595778
306,egilsstadir,65.2653,-14.3948,7.95,93,100,3.6,IS,1690595778
307,vila franca do campo,37.7167,-25.4333,22.23,96,35,2.54,PT,1690595779
308,aldinga beach,-35.2793,138.4604,15.98,87,11,7.65,AU,1690595779
309,pacific grove,36.6177,-121.9166,24.8,74,16,2.24,US,1690595779
310,pisco,-13.7,-76.2167,19.03,82,100,6.17,PE,1690595779
311,fale old settlement,-9.3852,-171.2468,28.71,73,82,7.95,TK,1690595779
312,treasure island,27.7692,-82.769,28.47,62,34,1.25,US,1690595780
313,ciudad lazaro cardenas,17.9583,-102.2,28.21,78,11,2.17,MX,1690595780
314,pestravka,52.405,49.9583,25.14,46,100,3.6,RU,1690595780
315,vokhtoga,58.8147,41.0461,15.87,99,100,1.74,RU,1690595780
316,arroyo,41.6096,-4.7969,22.0,82,0,2.57,ES,1690595781
317,levuka,50.1834,-105.4011,18.9,46,41,3.64,CA,1690595781
318,ola,59.5833,151.2833,18.97,65,91,2.93,RU,1690595782
319,geraldton,-28.7667,114.6,16.23,77,40,3.6,AU,1690595783
320,vilyuchinsk,52.9306,158.4028,21.15,82,65,2.73,RU,1690595784
321,mount pearl,47.5166,-52.7813,17.19,77,100,0.0,CA,1690595784
322,naze,28.3667,129.4833,28.51,82,100,6.41,JP,1690595774
323,kushikino,31.7167,130.2667,30.7,58,56,4.26,JP,1690595598
324,medina,24.4686,39.6142,33.24,9,0,2.57,SA,1690595785
325,la libertad,-2.2333,-80.9,22.81,82,98,4.45,EC,1690595785
326,turpan,42.9333,89.1667,36.54,20,100,3.04,CN,1690595785
327,cleburne,32.3476,-97.3867,35.03,42,0,3.6,US,1690595786
328,marathon,44.9,-89.7668,20.86,94,75,6.69,US,1690595786
329,arawa,-6.2132,155.5367,28.94,81,82,0.54,PG,1690595786
330,las lomitas,-24.7096,-60.593,14.11,65,0,1.71,AR,1690595786
331,pingdingshan,33.7385,113.3012,25.71,91,100,3.8,CN,1690595787
332,invercargill,-46.4,168.35,13.34,69,99,3.58,NZ,1690595787
333,amga,60.8953,131.9608,23.85,31,0,2.23,RU,1690595788
334,nuuk,64.1835,-51.7216,8.13,83,100,4.42,GL,1690595656
335,kajiado,-1.8524,36.7768,11.7,95,84,2.13,KE,1690595788
336,nueva gerona,21.8833,-82.8,28.89,74,85,3.05,CU,1690595788
337,malmyzh,56.5205,50.6818,19.87,87,100,5.15,RU,1690595789
338,la roca del valles,41.5833,2.3333,24.44,85,9,1.34,ES,1690595789
339,mancio lima,-7.6142,-72.8958,25.01,60,70,0.71,BR,1690595789
340,tongchuan,35.0806,109.0897,24.26,75,99,2.09,CN,1690595790
341,frontera,26.9333,-101.45,33.27,30,43,3.58,MX,1690595790
342,alofi,-19.0595,-169.9187,22.94,88,100,3.6,NU,1690595790
343,mauganj,24.6833,81.8833,31.39,60,61,3.89,IN,1690595505
344,nar'yan-mar,67.6713,53.087,14.3,81,21,1.43,RU,1690595791
345,xicotencatl,23.0167,-98.8833,26.55,69,71,2.38,MX,1690595791
346,chos malal,-37.3781,-70.2709,12.31,42,100,3.33,AR,1690595792
347,shadrinsk,56.0852,63.6335,18.03,81,58,5.2,RU,1690595792
348,chicoana,-25.1009,-65.5331,11.03,60,0,1.35,AR,1690595793
349,rebrikha,53.0733,82.3408,20.71,65,72,4.02,RU,1690595793
350,nehe,48.4833,124.8333,24.84,69,79,1.85,CN,1690595793
351,ejura,7.3856,-1.3562,21.95,97,92,2.35,GH,1690595793
352,zhezqazghan,47.7833,67.7667,24.32,31,0,1.0,KZ,1690595793
353,las trojes,14.0667,-85.9833,20.05,100,100,1.69,HN,1690595794
354,kone,-21.0595,164.8658,23.13,46,92,3.48,NC,1690595794
355,naryshkino,52.9678,35.7268,14.38,91,100,4.28,RU,1690595794
356,nizhneudinsk,54.9076,99.0276,21.89,65,66,3.37,RU,1690595795
357,remire-montjoly,4.9167,-52.2667,26.02,83,0,1.03,GF,1690595795
358,ust'-ilimsk,58.0006,102.6619,24.52,57,20,1.67,RU,1690595796
359,qarauyl,48.9451,79.255,22.49,40,4,2.64,KZ,1690595796
360,fort st. john,56.2499,-120.8529,21.94,37,75,5.14,CA,1690595796
361,ikalamavony,-21.15,46.5833,11.08,90,9,2.33,MG,1690595797
362,saint-philippe,-21.3585,55.7679,17.77,69,34,3.17,RE,1690595797
363,westport,41.1415,-73.3579,27.79,84,0,1.34,US,1690595797
364,lorengau,-2.0226,147.2712,29.68,68,78,3.15,PG,1690595797
365,yoko,5.5333,12.3167,18.21,99,100,1.03,CM,1690595797
366,okhotsk,59.3833,143.3,13.7,94,100,3.94,RU,1690595798
367,pont rouge,48.8833,-72.0825,17.16,73,6,4.84,CA,1690595798
368,riyadh,24.6877,46.7219,30.08,15,78,2.0,SA,1690595507
369,panaba,21.2833,-88.2667,27.09,82,100,4.37,MX,1690595798
370,sacramento,38.4666,-121.3177,36.33,27,0,5.14,US,1690595799
371,kupang,-10.1667,123.5833,28.4,63,14,3.82,ID,1690595799
372,mil'kovo,55.6078,37.7956,15.75,92,100,2.77,RU,1690595799
373,kiffa,16.6166,-11.4045,34.35,44,100,4.57,MR,1690595800
374,fraserburgh,57.6874,-2.0184,13.4,88,97,4.89,GB,1690595800
375,bardai,11.65,7.2333,21.88,87,97,3.93,NG,1690595800
376,guerrero negro,27.9769,-114.0611,22.39,73,18,6.57,MX,1690595801
377,kerikeri,-35.2268,173.9474,14.27,51,84,2.12,NZ,1690595801
378,kuhmo,64.1333,29.5167,11.97,95,100,5.99,FI,1690595801
379,clevelandia,-26.3958,-52.4708,11.29,98,62,0.89,BR,1690595802
380,gadzhiyevo,69.2551,33.3362,14.48,79,100,2.01,RU,1690595802
381,mahalapye,-23.1041,26.8142,15.78,36,85,5.53,BW,1690595802
382,labrador city,52.9463,-66.9114,12.95,88,75,1.54,CA,1690595803
383,shipunovo,52.1582,82.2173,19.2,76,43,3.7,RU,1690595803
384,simanggang,1.2472,111.4528,26.99,78,20,3.13,MY,1690595803
385,taguatinga,-12.3857,-46.5711,25.45,53,26,4.72,BR,1690595803
386,ghat,24.9647,10.1728,31.31,13,11,0.23,LY,1690595804
387,keflavik,64.0049,-22.5624,11.24,87,0,4.63,IS,1690595538
388,arraial do cabo,-22.9661,-42.0278,20.65,93,25,5.1,BR,1690595805
389,ormara,25.2088,64.6357,27.86,82,49,5.49,PK,1690595805
390,nea alikarnassos,35.3333,25.1667,25.82,58,0,6.69,GR,1690595805
391,acapulco de juarez,16.8634,-99.8901,28.51,80,12,2.48,MX,1690595805
392,villa del totoral,-30.8167,-63.7167,11.36,52,5,2.91,AR,1690595806
393,maceio,-9.6658,-35.7353,21.69,94,20,1.54,BR,1690595806
394,kontagora,10.3999,5.4695,22.58,96,100,2.11,NG,1690595806
395,kingston,17.997,-76.7936,29.53,75,20,5.66,JM,1690595806
396,buka,40.8108,69.1986,26.95,32,0,4.04,UZ,1690595807
397,katsuura,35.1333,140.3,28.78,71,9,4.62,JP,1690595807
398,valle de la pascua,9.2155,-66.0073,23.65,92,36,1.54,VE,1690595807
399,kolonia,50.9333,6.95,19.86,89,75,2.06,DE,1690595807
400,luanda,-8.8368,13.2343,20.0,94,59,2.06,AO,1690595591
401,bam,29.106,58.357,31.95,21,19,3.05,IR,1690595808
402,barclayville,4.6797,-8.2339,24.32,87,100,3.83,LR,1690595808
403,maryville,35.7565,-83.9705,28.14,81,96,1.85,US,1690595808
404,mili,6.0815,171.735,28.48,79,39,5.92,MH,1690595808
405,atlantic,39.4668,-74.6663,27.19,93,98,4.57,US,1690595809
406,hanceville,34.0607,-86.7675,26.95,75,100,2.33,US,1690595809
407,yeniseysk,58.4497,92.1703,21.92,62,100,1.56,RU,1690595809
408,tralee,52.2704,-9.7026,12.6,91,27,5.38,IE,1690595719
409,tadine,-21.55,167.8833,20.28,53,95,6.18,NC,1690595810
410,vernon,50.2581,-119.2691,31.2,28,34,3.58,CA,1690595810
411,taoudenni,22.6783,-3.9836,38.18,7,3,4.12,ML,1690595810
412,zahedan,29.4963,60.8629,25.95,27,0,2.06,IR,1690595811
413,el hadjar,36.8038,7.7368,26.95,94,40,4.63,DZ,1690595811
414,hovd,48.0056,91.6419,23.92,35,100,2.86,MN,1690595812
415,preobrazheniye,42.9019,133.9064,26.42,67,100,4.47,RU,1690595812
416,gorom-gorom,14.4439,-0.2361,24.97,69,100,5.36,BF,1690595812
417,kingscliff,-28.2667,153.5667,24.29,49,76,3.6,AU,1690595813
418,lazaro cardenas,17.9583,-102.2,28.21,78,11,2.17,MX,1690595813
419,smara,26.7384,-11.6719,19.68,83,0,5.13,EH,1690595813
420,anacapri,40.5558,14.2136,23.41,82,0,2.06,IT,1690595813
421,vegreville,53.5001,-112.0518,16.03,67,67,1.03,CA,1690595813
422,okondja,-0.6549,13.6753,21.31,89,96,1.09,GA,1690595814
423,port augusta,-32.5,137.7667,17.52,54,0,1.94,AU,1690595814
424,timra,62.487,17.3257,13.82,88,75,1.54,SE,1690595814
425,maryborough,-25.5333,152.7,23.69,45,27,1.13,AU,1690595640
426,savalou,7.9281,1.9756,22.5,96,100,3.06,BJ,1690595814
427,kristiansund,63.1115,7.732,14.36,88,100,1.54,NO,1690595815
428,balakovo,52.0278,47.8007,26.72,38,84,4.59,RU,1690595815
429,hammerfest,70.6634,23.6821,9.25,100,100,3.09,NO,1690595815
430,hafar al-batin,28.4328,45.9708,32.32,12,0,0.0,SA,1690595815
431,brioude,45.1667,3.4167,16.28,86,26,2.05,FR,1690595816
432,taro,-8.3862,115.28,22.0,68,93,2.18,ID,1690595816
433,tonghae,37.5439,129.1069,31.11,61,10,2.22,KR,1690595814
434,west valley,46.5921,-120.6051,32.11,26,1,0.89,US,1690595817
435,paka,4.6374,103.4368,27.96,89,20,0.51,MY,1690595817
436,poninka,50.1849,27.5363,12.9,92,3,3.06,UA,1690595817
437,bukama,-9.2,25.85,19.35,39,0,1.7,CD,1690595817
438,new plymouth,-39.0667,174.0833,10.73,63,100,0.55,NZ,1690595818
439,quimili,-27.6333,-62.4167,13.28,49,0,3.18,AR,1690595818
440,bereket,39.2446,55.5154,29.38,23,0,3.06,TM,1690595818
441,neryungri,56.6709,124.6491,22.24,63,34,2.44,RU,1690595557
442,afaahiti,-17.75,-149.2833,22.93,86,66,8.63,PF,1690595819
443,oyama,36.3,139.8,37.97,33,4,2.33,JP,1690595725
444,maihar,24.2667,80.75,28.44,74,99,4.39,IN,1690595819
445,nekrasovskoye,57.6766,40.3657,16.94,93,75,2.0,RU,1690595820
446,floresti,47.8933,28.3014,19.65,52,97,0.83,MD,1690595820
447,zyrya,40.3661,50.2917,25.05,85,14,17.61,AZ,1690595820
448,ribeira brava,32.65,-17.0667,22.35,80,0,1.2,PT,1690595820
449,oak grove,45.4168,-122.6401,28.36,43,0,1.34,US,1690595821
450,khandyga,62.6667,135.6,23.85,32,13,1.31,RU,1690595821
451,rio de janeiro,-22.9028,-43.2075,21.98,88,100,3.09,BR,1690595821
452,malabar,-33.9667,151.25,23.2,48,0,5.14,AU,1690595822
453,raton,36.9034,-104.4391,17.23,72,100,0.85,US,1690595822
454,yagoua,10.3411,15.2329,22.69,86,87,1.15,CM,1690595823
455,vikulovo,56.8167,70.6107,17.24,94,99,5.13,RU,1690595824
456,porangatu,-13.4408,-49.1486,24.52,37,30,1.23,BR,1690595824
457,malinyi,-8.9333,36.1333,19.72,72,80,0.46,TZ,1690595824
458,hithadhoo,-0.6,73.0833,27.53,74,90,2.96,MV,1690595825
459,shiguai,40.7058,110.2856,24.7,46,100,1.42,CN,1690595825
460,playa blanca,28.8643,-13.8281,23.11,79,33,7.6,ES,1690595826
461,smithers,54.7804,-127.1743,25.18,31,40,1.03,CA,1690595826
462,luisant,48.4295,1.4738,17.75,88,100,0.45,FR,1690595826
463,rongelap,11.1635,166.8941,28.42,81,100,10.04,MH,1690595827
464,padang,-0.9492,100.3543,29.03,73,100,0.52,ID,1690595827
465,daru,-9.0763,143.2092,25.96,84,71,7.43,PG,1690595827
466,fada n'gourma,12.0622,0.3578,24.9,85,100,2.82,BF,1690595828
467,ketchikan,55.3422,-131.6461,23.4,54,7,0.88,US,1690595828
468,tamanrasset,22.785,5.5228,23.95,11,0,2.06,DZ,1690595828
469,opuwo,-18.0607,13.84,11.64,50,82,3.44,NA,1690595829
470,manaure,11.7751,-72.4445,28.5,73,97,9.51,CO,1690595829
471,xinmin,41.9908,122.8253,27.46,79,100,7.62,CN,1690595829
472,dhidhdhoo,6.8833,73.1,27.95,77,39,4.66,MV,1690595830
473,vila velha,-20.3297,-40.2925,21.97,90,0,4.63,BR,1690595632
474,san isidro,-12.1167,-77.05,19.77,83,75,5.14,PE,1690595831
475,motueka,-41.1333,173.0167,12.28,52,83,1.47,NZ,1690595831
476,robore,-18.3333,-59.75,18.84,81,68,1.45,BO,1690595831
477,laguna,38.421,-121.4238,36.41,28,0,5.14,US,1690595831
478,serenje,-13.2325,30.2352,11.38,67,2,1.48,ZM,1690595832
479,sakakah,29.9697,40.2064,29.76,18,0,3.03,SA,1690595832
480,muisne,0.6,-80.0333,25.23,87,98,3.78,EC,1690595832
481,leava,-14.3,-178.1667,25.94,81,98,7.95,WF,1690595832
482,labytnangi,66.6572,66.4183,17.79,74,12,4.95,RU,1690595833
483,macapa,0.0389,-51.0664,25.99,100,20,1.54,BR,1690595833
484,gobabis,-22.45,18.9667,10.64,41,100,4.13,NA,1690595833
485,ubari,26.5921,12.7805,29.42,27,5,3.77,LY,1690595834
486,saudarkrokur,65.7461,-19.6394,8.49,88,88,1.81,IS,1690595834
487,market deeping,52.6765,-0.3163,17.19,87,100,5.14,GB,1690595834
488,correntina,-13.3433,-44.6367,21.7,73,74,1.53,BR,1690595834
489,mahina,-17.5065,-149.489,23.87,88,100,4.63,PF,1690595835
490,konarka,19.9,86.1167,28.22,75,100,4.64,IN,1690595835
491,usogorsk,63.4106,48.6872,17.08,84,100,3.7,RU,1690595835
492,lata,40.1629,-8.3327,17.54,99,63,0.63,PT,1690595835
493,kalach-na-donu,48.691,43.5264,19.5,80,100,6.93,RU,1690595836
494,humaita,-7.5061,-63.0208,25.58,47,4,1.45,BR,1690595836
495,praia da vitoria,38.7333,-27.0667,23.14,88,75,5.76,PT,1690595836
496,ingeniero jacobacci,-41.3427,-69.5448,5.26,77,67,2.7,AR,1690595836
497,sittwe,20.15,92.9,28.46,84,93,4.54,MM,1690595836
498,terbanggi besar,-4.8667,105.2333,26.6,77,76,2.27,ID,1690595837
499,rengasdengklok,-6.1592,107.2981,28.07,56,92,2.65,ID,1690595837
500,bizerte,37.2744,9.8739,27.0,78,40,1.54,TN,1690595837
501,reserva,-24.6503,-50.8506,13.28,99,45,0.65,BR,1690595838
502,shambu,9.5667,37.1,11.18,93,100,0.69,ET,1690595838
503,tambopata,-12.7333,-69.1833,21.67,86,90,2.11,PE,1690595838
504,freeport,40.6576,-73.5832,30.77,86,1,0.89,US,1690595838
505,freetown,8.484,-13.2299,23.84,100,75,2.06,SL,1690595839
506,bodaybo,57.8506,114.1933,25.13,66,25,0.99,RU,1690595839
507,beykonak,36.3257,30.303,28.19,46,0,1.49,TR,1690595839
508,suva,-18.1416,178.4415,23.71,57,75,2.57,FJ,1690595707
509,tindouf,27.6711,-8.1474,30.25,28,0,5.14,DZ,1690595839
510,mocimboa,-11.3167,40.35,20.57,88,45,2.15,MZ,1690595840
511,aykhal,66.0,111.5,22.8,31,12,3.12,RU,1690595840
512,novyy urgal,51.0736,132.5642,25.8,57,100,1.0,RU,1690595840
513,alacranes,22.7675,-81.5675,27.22,81,50,4.03,CU,1690595840
514,arrifes,37.7667,-25.7,21.14,94,40,3.6,PT,1690595841
515,harran,36.86,39.0314,29.06,18,0,3.9,TR,1690595841
516,erenhot,43.6475,111.9767,30.96,30,51,4.92,CN,1690595841
517,diego de almagro,-26.3667,-70.05,16.25,46,11,0.5,CL,1690595841
518,ribadesella,43.4614,-5.0596,21.08,83,5,1.9,ES,1690595842
519,el porvenir,13.7617,-87.3458,23.63,90,100,2.51,HN,1690595842
520,trevelin,-43.0858,-71.4639,7.29,96,100,3.48,AR,1690595842
521,pangai,-19.8,-174.35,24.06,60,20,3.09,TO,1690595842
522,newman,37.3138,-121.0208,33.92,11,0,3.95,US,1690595843
523,bakchar,57.0186,82.0711,20.13,66,97,0.47,RU,1690595843
524,tehran,35.6944,51.4215,29.99,23,40,0.0,IR,1690595714
525,fengcheng,40.4536,124.0717,23.38,98,100,2.74,CN,1690595843
526,vaxjo,56.8777,14.8091,11.03,63,100,1.54,SE,1690595844
527,puerto lempira,15.2667,-83.7667,25.69,90,100,2.8,HN,1690595844
528,luang prabang,19.8856,102.1347,24.98,94,100,0.0,LA,1690595845
529,calama,-22.4667,-68.9333,12.34,15,0,4.2,CL,1690595845
530,tocopilla,-22.092,-70.1979,18.28,73,17,1.94,CL,1690595845
531,dwarka,22.2394,68.9678,27.56,82,100,10.06,IN,1690595845
532,tongchuanshi,35.0806,109.0897,24.26,75,99,2.09,CN,1690595790
533,orkney,-26.9802,26.6727,15.51,32,100,7.88,ZA,1690595846
534,carolina beach,34.0352,-77.8936,28.34,84,100,4.0,US,1690595846
535,sarangani,5.4033,125.4636,28.44,78,100,5.82,PH,1690595846
536,kavaratti,10.5669,72.642,28.16,76,38,6.74,IN,1690595847
537,port isabel,26.0734,-97.2086,28.36,74,100,1.34,US,1690595847
538,hasaki,35.7333,140.8333,37.95,73,3,5.9,JP,1690595847
539,strezhevoy,60.7333,77.5889,19.25,75,39,0.7,RU,1690595847
540,presidente medici,-11.1753,-61.9014,24.63,39,99,1.92,BR,1690595848
541,castillos,-34.1667,-53.8333,6.23,85,9,1.5,UY,1690595848
542,tarko-sale,64.9225,77.785,21.57,67,99,1.99,RU,1690595667
543,lucapa,-8.4192,20.7447,19.04,32,0,1.3,AO,1690595849
544,helena valley southeast,46.6153,-111.9216,22.08,73,40,2.57,US,1690595849
545,itati,-27.2704,-58.2446,11.45,65,0,2.4,AR,1690595849
546,vansada,20.75,73.3667,25.03,93,98,3.4,IN,1690595850
547,corigliano calabro,39.595,16.5177,21.43,38,0,2.4,IT,1690595850
548,fenoarivo be,-18.4333,46.5667,10.23,94,9,2.11,MG,1690595850
549,mangrol,21.1167,70.1167,27.06,85,99,9.61,IN,1690595851
550,puerto aysen,-45.4,-72.7,8.52,98,100,2.26,CL,1690595851
551,baoshan,46.5586,131.4244,27.89,65,100,6.51,CN,1690595851
552,podporozh'ye,60.9112,34.1706,10.51,97,84,2.72,RU,1690595852
553,beyneu,45.3167,55.2,29.36,28,2,3.23,KZ,1690595852
554,angaur state,6.906,134.13,28.48,81,85,7.67,PW,1690595852
555,mizdah,31.4451,12.9801,25.09,49,0,1.81,LY,1690595852
556,colonia,50.9333,6.95,19.86,89,75,2.06,DE,1690595807
557,howard springs,-12.497,131.047,30.46,39,18,3.88,AU,1690595853
558,ostersund,63.1792,14.6357,12.25,94,99,7.2,SE,1690595853
559,tofol,5.3248,163.0078,32.88,70,75,1.54,FM,1690595853
560,yanchep,-31.55,115.6833,18.12,79,100,5.54,AU,1690595853
561,kahramanmaras,38.0,37.0,15.58,72,0,2.97,TR,1690595854
562,fauske,67.2588,15.3918,14.41,96,53,0.67,NO,1690595854
563,miri,4.4148,114.0089,29.08,89,20,1.54,MY,1690595854
564,tremp,42.167,0.8949,21.39,69,0,2.14,ES,1690595854
565,bubaque,11.2833,-15.8333,27.49,82,99,4.63,GW,1690595855
566,huadian,42.9633,126.7478,24.32,90,100,2.97,CN,1690595855
567,elverum,60.8819,11.5623,10.05,94,18,1.32,NO,1690595855
568,al ghayzah,16.2079,52.176,24.82,91,66,5.13,YE,1690595856
569,morlaix,48.5833,-4.0,17.34,94,100,4.63,FR,1690595856
570,punta cardon,11.6581,-70.215,27.56,83,42,12.69,VE,1690595856
571,lahad datu,5.0268,118.327,28.86,72,100,3.52,MY,1690595856
572,tual,-5.6667,132.75,26.08,85,71,10.08,ID,1690595857
573,fort bragg,35.139,-79.006,27.89,88,100,0.89,US,1690595857
574,salgotarjan,48.0987,19.803,16.61,85,100,0.81,HU,1690595857
575,antalaha,-14.9003,50.2788,18.38,76,10,3.2,MG,1690595857
576,coquimbo,-29.9533,-71.3436,12.85,100,100,1.54,CL,1690595858
577,grants,35.1473,-107.8514,26.13,25,100,10.8,US,1690595858
578,bani walid,31.7566,13.9942,24.0,65,0,1.71,LY,1690595858
579,vryburg,-26.9566,24.7284,16.3,31,20,9.98,ZA,1690595858
580,roscrea,52.9511,-7.8017,12.6,90,14,4.23,IE,1690595859
581,peniche,39.3558,-9.3811,21.16,95,13,2.57,PT,1690595835
582,ouarzazat,30.9189,-6.8934,29.16,11,3,2.57,MA,1690595859
583,gur'yevsk,54.2833,85.9333,17.18,95,100,2.13,RU,1690595859
584,contamana,-7.3333,-75.0167,25.63,61,14,0.53,PE,1690595859
585,atakent,40.8464,68.5067,27.32,27,0,3.3,KZ,1690595860
586,moyynkum,44.2914,72.9469,27.24,28,0,6.26,KZ,1690595860
587,tetiiv,49.3767,29.6647,14.66,83,53,3.25,UA,1690595860
588,sola,-13.8833,167.55,24.37,73,93,10.64,VU,1690595860
589,kharp,66.8014,65.8081,15.99,79,18,5.87,RU,1690595860
590,huarmey,-10.0681,-78.1522,20.7,83,34,4.36,PE,1690595861
591,shihezi,44.3,86.0333,26.32,38,100,2.53,CN,1690595861
592,pirallahi,40.4723,50.333,25.08,86,26,17.64,AZ,1690595861
593,saint-denis,48.9167,2.3333,19.43,87,100,3.6,FR,1690595861
594,aripuana,-9.1667,-60.6333,24.41,41,62,1.23,BR,1690595862
595,al bardiyah,31.7561,25.0865,25.43,72,0,5.32,LY,1690595862
596,kalkaman,51.9525,76.0211,24.88,39,75,5.02,KZ,1690595862
597,badvel,14.75,79.05,26.35,74,33,8.14,IN,1690595862
598,san fernando de monte cristi,19.8667,-71.65,28.05,79,100,8.28,DO,1690595863
599,marquette,46.5333,-87.6335,17.36,83,82,0.89,US,1690595863
600,quellon,-43.1167,-73.6167,12.56,91,100,7.74,CL,1690595864
